timestamp,condition,location,repetition,test,sample,metric,value,unit
2026-10-06T12:59:47,baseline,none,1,icmp,1,packets_tx,50,count
2026-10-06T12:59:47,baseline,none,1,icmp,1,packets_rx,50,count
2026-10-06T12:59:47,baseline,none,1,icmp,1,loss_pct,0.0,%
2026-10-06T12:59:47,baseline,none,1,icmp,1,rtt_min,1.358,ms
2026-10-06T12:59:47,baseline,none,1,icmp,1,rtt_avg,3.087,ms
2026-10-06T12:59:47,baseline,none,1,icmp,1,rtt_max,4.184,ms
2026-10-06T12:59:47,baseline,none,1,icmp,1,rtt_mdev,0.697,ms
2026-10-06T12:59:47,baseline,none,1,tcp,1,sender_mbps,1029.4181703474449,Mbit/s
2026-10-06T12:59:47,baseline,none,1,tcp,1,receiver_mbps,1028.2177747529172,Mbit/s
2026-10-06T12:59:47,baseline,none,1,tcp,1,retransmits,731,count
2026-10-06T12:59:47,baseline,none,1,tcp,1,bytes,1285284300,bytes
2026-10-06T12:59:47,baseline,none,1,udp,1,offered_mbps,10.0,Mbit/s
2026-10-06T12:59:47,baseline,none,1,udp,1,received_mbps,9.999865030975391,Mbit/s
2026-10-06T12:59:47,baseline,none,1,udp,1,loss_pct,0,%
2026-10-06T12:59:47,baseline,none,1,udp,1,jitter_ms,0.10183664372766672,ms
2026-10-06T12:59:47,baseline,none,1,udp,1,packets,9275,count
2026-10-06T12:59:47,baseline,none,1,http,1,http_success,1,bool
2026-10-06T12:59:47,baseline,none,1,http,1,http_connect_ms,1.3699999999999999,ms
2026-10-06T12:59:47,baseline,none,1,http,1,http_total_ms,2.455,ms
2026-10-06T12:59:47,baseline,none,1,http,1,http_size,896.0,bytes
2026-10-06T12:59:47,baseline,none,1,http,2,http_success,1,bool
2026-10-06T12:59:47,baseline,none,1,http,2,http_connect_ms,1.307,ms
2026-10-06T12:59:47,baseline,none,1,http,2,http_total_ms,2.331,ms
2026-10-06T12:59:47,baseline,none,1,http,2,http_size,896.0,bytes
2026-10-06T12:59:47,baseline,none,1,http,3,http_success,1,bool
2026-10-06T12:59:47,baseline,none,1,http,3,http_connect_ms,1.1440000000000001,ms
2026-10-06T12:59:47,baseline,none,1,http,3,http_total_ms,1.9729999999999999,ms
2026-10-06T12:59:47,baseline,none,1,http,3,http_size,896.0,bytes
2026-10-06T12:59:47,baseline,none,1,http,4,http_success,1,bool
2026-10-06T12:59:47,baseline,none,1,http,4,http_connect_ms,1.192,ms
2026-10-06T12:59:47,baseline,none,1,http,4,http_total_ms,2.106,ms
2026-10-06T12:59:47,baseline,none,1,http,4,http_size,896.0,bytes
2026-10-06T12:59:47,baseline,none,1,http,5,http_success,1,bool
2026-10-06T12:59:47,baseline,none,1,http,5,http_connect_ms,1.1360000000000001,ms
2026-10-06T12:59:47,baseline,none,1,http,5,http_total_ms,1.9889999999999999,ms
2026-10-06T12:59:47,baseline,none,1,http,5,http_size,896.0,bytes
2026-10-06T12:59:47,baseline,none,1,http,6,http_success,1,bool
2026-10-06T12:59:47,baseline,none,1,http,6,http_connect_ms,1.085,ms
2026-10-06T12:59:47,baseline,none,1,http,6,http_total_ms,2.2399999999999998,ms
2026-10-06T12:59:47,baseline,none,1,http,6,http_size,896.0,bytes
2026-10-06T12:59:47,baseline,none,1,http,7,http_success,1,bool
2026-10-06T12:59:47,baseline,none,1,http,7,http_connect_ms,1.343,ms
2026-10-06T12:59:47,baseline,none,1,http,7,http_total_ms,2.29,ms
2026-10-06T12:59:47,baseline,none,1,http,7,http_size,896.0,bytes
2026-10-06T12:59:47,baseline,none,1,http,8,http_success,1,bool
2026-10-06T12:59:47,baseline,none,1,http,8,http_connect_ms,1.073,ms
2026-10-06T12:59:47,baseline,none,1,http,8,http_total_ms,2.004,ms
2026-10-06T12:59:47,baseline,none,1,http,8,http_size,896.0,bytes
2026-10-06T12:59:47,baseline,none,1,http,9,http_success,1,bool
2026-10-06T12:59:47,baseline,none,1,http,9,http_connect_ms,1.427,ms
2026-10-06T12:59:47,baseline,none,1,http,9,http_total_ms,2.265,ms
2026-10-06T12:59:47,baseline,none,1,http,9,http_size,896.0,bytes
2026-10-06T12:59:47,baseline,none,1,http,10,http_success,1,bool
2026-10-06T12:59:47,baseline,none,1,http,10,http_connect_ms,1.092,ms
2026-10-06T12:59:47,baseline,none,1,http,10,http_total_ms,1.95,ms
2026-10-06T12:59:47,baseline,none,1,http,10,http_size,896.0,bytes
2026-10-06T12:59:47,baseline,none,1,http,11,http_success,1,bool
2026-10-06T12:59:47,baseline,none,1,http,11,http_connect_ms,1.2570000000000001,ms
2026-10-06T12:59:47,baseline,none,1,http,11,http_total_ms,2.07,ms
2026-10-06T12:59:47,baseline,none,1,http,11,http_size,896.0,bytes
2026-10-06T12:59:47,baseline,none,1,http,12,http_success,1,bool
2026-10-06T12:59:47,baseline,none,1,http,12,http_connect_ms,1.098,ms
2026-10-06T12:59:47,baseline,none,1,http,12,http_total_ms,1.943,ms
2026-10-06T12:59:47,baseline,none,1,http,12,http_size,896.0,bytes
2026-10-06T12:59:47,baseline,none,1,http,13,http_success,1,bool
2026-10-06T12:59:47,baseline,none,1,http,13,http_connect_ms,1.099,ms
2026-10-06T12:59:47,baseline,none,1,http,13,http_total_ms,1.929,ms
2026-10-06T12:59:47,baseline,none,1,http,13,http_size,896.0,bytes
2026-10-06T12:59:47,baseline,none,1,http,14,http_success,1,bool
2026-10-06T12:59:47,baseline,none,1,http,14,http_connect_ms,1.229,ms
2026-10-06T12:59:47,baseline,none,1,http,14,http_total_ms,2.15,ms
2026-10-06T12:59:47,baseline,none,1,http,14,http_size,896.0,bytes
2026-10-06T12:59:47,baseline,none,1,http,15,http_success,1,bool
2026-10-06T12:59:47,baseline,none,1,http,15,http_connect_ms,1.1640000000000001,ms
2026-10-06T12:59:47,baseline,none,1,http,15,http_total_ms,2.069,ms
2026-10-06T12:59:47,baseline,none,1,http,15,http_size,896.0,bytes
2026-10-06T12:59:47,baseline,none,1,http,16,http_success,1,bool
2026-10-06T12:59:47,baseline,none,1,http,16,http_connect_ms,1.088,ms
2026-10-06T12:59:47,baseline,none,1,http,16,http_total_ms,2.028,ms
2026-10-06T12:59:47,baseline,none,1,http,16,http_size,896.0,bytes
2026-10-06T12:59:47,baseline,none,1,http,17,http_success,1,bool
2026-10-06T12:59:47,baseline,none,1,http,17,http_connect_ms,1.075,ms
2026-10-06T12:59:47,baseline,none,1,http,17,http_total_ms,1.911,ms
2026-10-06T12:59:47,baseline,none,1,http,17,http_size,896.0,bytes
2026-10-06T12:59:47,baseline,none,1,http,18,http_success,1,bool
2026-10-06T12:59:47,baseline,none,1,http,18,http_connect_ms,1.314,ms
2026-10-06T12:59:47,baseline,none,1,http,18,http_total_ms,2.3600000000000003,ms
2026-10-06T12:59:47,baseline,none,1,http,18,http_size,896.0,bytes
2026-10-06T12:59:47,baseline,none,1,http,19,http_success,1,bool
2026-10-06T12:59:47,baseline,none,1,http,19,http_connect_ms,1.248,ms
2026-10-06T12:59:47,baseline,none,1,http,19,http_total_ms,2.11,ms
2026-10-06T12:59:47,baseline,none,1,http,19,http_size,896.0,bytes
2026-10-06T12:59:47,baseline,none,1,http,20,http_success,1,bool
2026-10-06T12:59:47,baseline,none,1,http,20,http_connect_ms,1.13,ms
2026-10-06T12:59:47,baseline,none,1,http,20,http_total_ms,1.911,ms
2026-10-06T12:59:47,baseline,none,1,http,20,http_size,896.0,bytes
2026-10-06T13:00:19,baseline,none,2,icmp,1,packets_tx,50,count
2026-10-06T13:00:19,baseline,none,2,icmp,1,packets_rx,50,count
2026-10-06T13:00:19,baseline,none,2,icmp,1,loss_pct,0.0,%
2026-10-06T13:00:19,baseline,none,2,icmp,1,rtt_min,1.002,ms
2026-10-06T13:00:19,baseline,none,2,icmp,1,rtt_avg,3.136,ms
2026-10-06T13:00:19,baseline,none,2,icmp,1,rtt_max,5.451,ms
2026-10-06T13:00:19,baseline,none,2,icmp,1,rtt_mdev,0.886,ms
2026-10-06T13:00:19,baseline,none,2,tcp,1,sender_mbps,1035.3077061209274,Mbit/s
2026-10-06T13:00:19,baseline,none,2,tcp,1,receiver_mbps,1034.2991270615712,Mbit/s
2026-10-06T13:00:19,baseline,none,2,tcp,1,retransmits,845,count
2026-10-06T13:00:19,baseline,none,2,tcp,1,bytes,1292876236,bytes
2026-10-06T13:00:19,baseline,none,2,udp,1,offered_mbps,10.0,Mbit/s
2026-10-06T13:00:19,baseline,none,2,udp,1,received_mbps,10.000345937246983,Mbit/s
2026-10-06T13:00:19,baseline,none,2,udp,1,loss_pct,0,%
2026-10-06T13:00:19,baseline,none,2,udp,1,jitter_ms,0.1122702313879766,ms
2026-10-06T13:00:19,baseline,none,2,udp,1,packets,9275,count
2026-10-06T13:00:19,baseline,none,2,http,1,http_success,1,bool
2026-10-06T13:00:19,baseline,none,2,http,1,http_connect_ms,1.659,ms
2026-10-06T13:00:19,baseline,none,2,http,1,http_total_ms,2.843,ms
2026-10-06T13:00:19,baseline,none,2,http,1,http_size,896.0,bytes
2026-10-06T13:00:19,baseline,none,2,http,2,http_success,1,bool
2026-10-06T13:00:19,baseline,none,2,http,2,http_connect_ms,1.454,ms
2026-10-06T13:00:19,baseline,none,2,http,2,http_total_ms,2.598,ms
2026-10-06T13:00:19,baseline,none,2,http,2,http_size,896.0,bytes
2026-10-06T13:00:19,baseline,none,2,http,3,http_success,1,bool
2026-10-06T13:00:19,baseline,none,2,http,3,http_connect_ms,1.33,ms
2026-10-06T13:00:19,baseline,none,2,http,3,http_total_ms,2.449,ms
2026-10-06T13:00:19,baseline,none,2,http,3,http_size,896.0,bytes
2026-10-06T13:00:19,baseline,none,2,http,4,http_success,1,bool
2026-10-06T13:00:19,baseline,none,2,http,4,http_connect_ms,1.822,ms
2026-10-06T13:00:19,baseline,none,2,http,4,http_total_ms,2.9619999999999997,ms
2026-10-06T13:00:19,baseline,none,2,http,4,http_size,896.0,bytes
2026-10-06T13:00:19,baseline,none,2,http,5,http_success,1,bool
2026-10-06T13:00:19,baseline,none,2,http,5,http_connect_ms,1.5590000000000002,ms
2026-10-06T13:00:19,baseline,none,2,http,5,http_total_ms,2.614,ms
2026-10-06T13:00:19,baseline,none,2,http,5,http_size,896.0,bytes
2026-10-06T13:00:19,baseline,none,2,http,6,http_success,1,bool
2026-10-06T13:00:19,baseline,none,2,http,6,http_connect_ms,1.3639999999999999,ms
2026-10-06T13:00:19,baseline,none,2,http,6,http_total_ms,2.7560000000000002,ms
2026-10-06T13:00:19,baseline,none,2,http,6,http_size,896.0,bytes
2026-10-06T13:00:19,baseline,none,2,http,7,http_success,1,bool
2026-10-06T13:00:19,baseline,none,2,http,7,http_connect_ms,1.428,ms
2026-10-06T13:00:19,baseline,none,2,http,7,http_total_ms,2.412,ms
2026-10-06T13:00:19,baseline,none,2,http,7,http_size,896.0,bytes
2026-10-06T13:00:19,baseline,none,2,http,8,http_success,1,bool
2026-10-06T13:00:19,baseline,none,2,http,8,http_connect_ms,1.314,ms
2026-10-06T13:00:19,baseline,none,2,http,8,http_total_ms,2.3240000000000003,ms
2026-10-06T13:00:19,baseline,none,2,http,8,http_size,896.0,bytes
2026-10-06T13:00:19,baseline,none,2,http,9,http_success,1,bool
2026-10-06T13:00:19,baseline,none,2,http,9,http_connect_ms,1.397,ms
2026-10-06T13:00:19,baseline,none,2,http,9,http_total_ms,2.426,ms
2026-10-06T13:00:19,baseline,none,2,http,9,http_size,896.0,bytes
2026-10-06T13:00:19,baseline,none,2,http,10,http_success,1,bool
2026-10-06T13:00:19,baseline,none,2,http,10,http_connect_ms,1.5130000000000001,ms
2026-10-06T13:00:19,baseline,none,2,http,10,http_total_ms,2.552,ms
2026-10-06T13:00:19,baseline,none,2,http,10,http_size,896.0,bytes
2026-10-06T13:00:19,baseline,none,2,http,11,http_success,1,bool
2026-10-06T13:00:19,baseline,none,2,http,11,http_connect_ms,1.297,ms
2026-10-06T13:00:19,baseline,none,2,http,11,http_total_ms,2.2950000000000004,ms
2026-10-06T13:00:19,baseline,none,2,http,11,http_size,896.0,bytes
2026-10-06T13:00:19,baseline,none,2,http,12,http_success,1,bool
2026-10-06T13:00:19,baseline,none,2,http,12,http_connect_ms,1.443,ms
2026-10-06T13:00:19,baseline,none,2,http,12,http_total_ms,2.346,ms
2026-10-06T13:00:19,baseline,none,2,http,12,http_size,896.0,bytes
2026-10-06T13:00:19,baseline,none,2,http,13,http_success,1,bool
2026-10-06T13:00:19,baseline,none,2,http,13,http_connect_ms,1.4120000000000001,ms
2026-10-06T13:00:19,baseline,none,2,http,13,http_total_ms,3.016,ms
2026-10-06T13:00:19,baseline,none,2,http,13,http_size,896.0,bytes
2026-10-06T13:00:19,baseline,none,2,http,14,http_success,1,bool
2026-10-06T13:00:19,baseline,none,2,http,14,http_connect_ms,1.143,ms
2026-10-06T13:00:19,baseline,none,2,http,14,http_total_ms,2.0370000000000004,ms
2026-10-06T13:00:19,baseline,none,2,http,14,http_size,896.0,bytes
2026-10-06T13:00:19,baseline,none,2,http,15,http_success,1,bool
2026-10-06T13:00:19,baseline,none,2,http,15,http_connect_ms,1.0690000000000002,ms
2026-10-06T13:00:19,baseline,none,2,http,15,http_total_ms,2.163,ms
2026-10-06T13:00:19,baseline,none,2,http,15,http_size,896.0,bytes
2026-10-06T13:00:19,baseline,none,2,http,16,http_success,1,bool
2026-10-06T13:00:19,baseline,none,2,http,16,http_connect_ms,1.131,ms
2026-10-06T13:00:19,baseline,none,2,http,16,http_total_ms,1.829,ms
2026-10-06T13:00:19,baseline,none,2,http,16,http_size,896.0,bytes
2026-10-06T13:00:19,baseline,none,2,http,17,http_success,1,bool
2026-10-06T13:00:19,baseline,none,2,http,17,http_connect_ms,1.0610000000000002,ms
2026-10-06T13:00:19,baseline,none,2,http,17,http_total_ms,1.736,ms
2026-10-06T13:00:19,baseline,none,2,http,17,http_size,896.0,bytes
2026-10-06T13:00:19,baseline,none,2,http,18,http_success,1,bool
2026-10-06T13:00:19,baseline,none,2,http,18,http_connect_ms,1.221,ms
2026-10-06T13:00:19,baseline,none,2,http,18,http_total_ms,2.07,ms
2026-10-06T13:00:19,baseline,none,2,http,18,http_size,896.0,bytes
2026-10-06T13:00:19,baseline,none,2,http,19,http_success,1,bool
2026-10-06T13:00:19,baseline,none,2,http,19,http_connect_ms,1.118,ms
2026-10-06T13:00:19,baseline,none,2,http,19,http_total_ms,1.9,ms
2026-10-06T13:00:19,baseline,none,2,http,19,http_size,896.0,bytes
2026-10-06T13:00:19,baseline,none,2,http,20,http_success,1,bool
2026-10-06T13:00:19,baseline,none,2,http,20,http_connect_ms,1.081,ms
2026-10-06T13:00:19,baseline,none,2,http,20,http_total_ms,2.006,ms
2026-10-06T13:00:19,baseline,none,2,http,20,http_size,896.0,bytes
2026-10-06T13:00:51,baseline,none,3,icmp,1,packets_tx,50,count
2026-10-06T13:00:51,baseline,none,3,icmp,1,packets_rx,50,count
2026-10-06T13:00:51,baseline,none,3,icmp,1,loss_pct,0.0,%
2026-10-06T13:00:51,baseline,none,3,icmp,1,rtt_min,0.814,ms
2026-10-06T13:00:51,baseline,none,3,icmp,1,rtt_avg,2.008,ms
2026-10-06T13:00:51,baseline,none,3,icmp,1,rtt_max,4.375,ms
2026-10-06T13:00:51,baseline,none,3,icmp,1,rtt_mdev,1.088,ms
2026-10-06T13:00:51,baseline,none,3,tcp,1,sender_mbps,1021.160973131101,Mbit/s
2026-10-06T13:00:51,baseline,none,3,tcp,1,receiver_mbps,1019.7688374724165,Mbit/s
2026-10-06T13:00:51,baseline,none,3,tcp,1,retransmits,904,count
2026-10-06T13:00:51,baseline,none,3,tcp,1,bytes,1274721372,bytes
2026-10-06T13:00:51,baseline,none,3,udp,1,offered_mbps,10.0,Mbit/s
2026-10-06T13:00:51,baseline,none,3,udp,1,received_mbps,10.000256951102205,Mbit/s
2026-10-06T13:00:51,baseline,none,3,udp,1,loss_pct,0,%
2026-10-06T13:00:51,baseline,none,3,udp,1,jitter_ms,0.0788890973838478,ms
2026-10-06T13:00:51,baseline,none,3,udp,1,packets,9275,count
2026-10-06T13:00:51,baseline,none,3,http,1,http_success,1,bool
2026-10-06T13:00:51,baseline,none,3,http,1,http_connect_ms,2.206,ms
2026-10-06T13:00:51,baseline,none,3,http,1,http_total_ms,3.641,ms
2026-10-06T13:00:51,baseline,none,3,http,1,http_size,896.0,bytes
2026-10-06T13:00:51,baseline,none,3,http,2,http_success,1,bool
2026-10-06T13:00:51,baseline,none,3,http,2,http_connect_ms,1.127,ms
2026-10-06T13:00:51,baseline,none,3,http,2,http_total_ms,2.021,ms
2026-10-06T13:00:51,baseline,none,3,http,2,http_size,896.0,bytes
2026-10-06T13:00:51,baseline,none,3,http,3,http_success,1,bool
2026-10-06T13:00:51,baseline,none,3,http,3,http_connect_ms,1.647,ms
2026-10-06T13:00:51,baseline,none,3,http,3,http_total_ms,2.784,ms
2026-10-06T13:00:51,baseline,none,3,http,3,http_size,896.0,bytes
2026-10-06T13:00:51,baseline,none,3,http,4,http_success,1,bool
2026-10-06T13:00:51,baseline,none,3,http,4,http_connect_ms,1.571,ms
2026-10-06T13:00:51,baseline,none,3,http,4,http_total_ms,2.516,ms
2026-10-06T13:00:51,baseline,none,3,http,4,http_size,896.0,bytes
2026-10-06T13:00:51,baseline,none,3,http,5,http_success,1,bool
2026-10-06T13:00:51,baseline,none,3,http,5,http_connect_ms,1.575,ms
2026-10-06T13:00:51,baseline,none,3,http,5,http_total_ms,2.64,ms
2026-10-06T13:00:51,baseline,none,3,http,5,http_size,896.0,bytes
2026-10-06T13:00:51,baseline,none,3,http,6,http_success,1,bool
2026-10-06T13:00:51,baseline,none,3,http,6,http_connect_ms,1.333,ms
2026-10-06T13:00:51,baseline,none,3,http,6,http_total_ms,2.318,ms
2026-10-06T13:00:51,baseline,none,3,http,6,http_size,896.0,bytes
2026-10-06T13:00:51,baseline,none,3,http,7,http_success,1,bool
2026-10-06T13:00:51,baseline,none,3,http,7,http_connect_ms,1.176,ms
2026-10-06T13:00:51,baseline,none,3,http,7,http_total_ms,2.222,ms
2026-10-06T13:00:51,baseline,none,3,http,7,http_size,896.0,bytes
2026-10-06T13:00:51,baseline,none,3,http,8,http_success,1,bool
2026-10-06T13:00:51,baseline,none,3,http,8,http_connect_ms,1.8370000000000002,ms
2026-10-06T13:00:51,baseline,none,3,http,8,http_total_ms,2.881,ms
2026-10-06T13:00:51,baseline,none,3,http,8,http_size,896.0,bytes
2026-10-06T13:00:51,baseline,none,3,http,9,http_success,1,bool
2026-10-06T13:00:51,baseline,none,3,http,9,http_connect_ms,1.129,ms
2026-10-06T13:00:51,baseline,none,3,http,9,http_total_ms,1.89,ms
2026-10-06T13:00:51,baseline,none,3,http,9,http_size,896.0,bytes
2026-10-06T13:00:51,baseline,none,3,http,10,http_success,1,bool
2026-10-06T13:00:51,baseline,none,3,http,10,http_connect_ms,1.202,ms
2026-10-06T13:00:51,baseline,none,3,http,10,http_total_ms,2.2230000000000003,ms
2026-10-06T13:00:51,baseline,none,3,http,10,http_size,896.0,bytes
2026-10-06T13:00:51,baseline,none,3,http,11,http_success,1,bool
2026-10-06T13:00:51,baseline,none,3,http,11,http_connect_ms,1.251,ms
2026-10-06T13:00:51,baseline,none,3,http,11,http_total_ms,2.052,ms
2026-10-06T13:00:51,baseline,none,3,http,11,http_size,896.0,bytes
2026-10-06T13:00:51,baseline,none,3,http,12,http_success,1,bool
2026-10-06T13:00:51,baseline,none,3,http,12,http_connect_ms,1.149,ms
2026-10-06T13:00:51,baseline,none,3,http,12,http_total_ms,1.921,ms
2026-10-06T13:00:51,baseline,none,3,http,12,http_size,896.0,bytes
2026-10-06T13:00:51,baseline,none,3,http,13,http_success,1,bool
2026-10-06T13:00:51,baseline,none,3,http,13,http_connect_ms,1.239,ms
2026-10-06T13:00:51,baseline,none,3,http,13,http_total_ms,2.124,ms
2026-10-06T13:00:51,baseline,none,3,http,13,http_size,896.0,bytes
2026-10-06T13:00:51,baseline,none,3,http,14,http_success,1,bool
2026-10-06T13:00:51,baseline,none,3,http,14,http_connect_ms,1.237,ms
2026-10-06T13:00:51,baseline,none,3,http,14,http_total_ms,2.042,ms
2026-10-06T13:00:51,baseline,none,3,http,14,http_size,896.0,bytes
2026-10-06T13:00:51,baseline,none,3,http,15,http_success,1,bool
2026-10-06T13:00:51,baseline,none,3,http,15,http_connect_ms,1.142,ms
2026-10-06T13:00:51,baseline,none,3,http,15,http_total_ms,2.069,ms
2026-10-06T13:00:51,baseline,none,3,http,15,http_size,896.0,bytes
2026-10-06T13:00:51,baseline,none,3,http,16,http_success,1,bool
2026-10-06T13:00:51,baseline,none,3,http,16,http_connect_ms,1.149,ms
2026-10-06T13:00:51,baseline,none,3,http,16,http_total_ms,1.96,ms
2026-10-06T13:00:51,baseline,none,3,http,16,http_size,896.0,bytes
2026-10-06T13:00:51,baseline,none,3,http,17,http_success,1,bool
2026-10-06T13:00:51,baseline,none,3,http,17,http_connect_ms,1.109,ms
2026-10-06T13:00:51,baseline,none,3,http,17,http_total_ms,1.889,ms
2026-10-06T13:00:51,baseline,none,3,http,17,http_size,896.0,bytes
2026-10-06T13:00:51,baseline,none,3,http,18,http_success,1,bool
2026-10-06T13:00:51,baseline,none,3,http,18,http_connect_ms,1.194,ms
2026-10-06T13:00:51,baseline,none,3,http,18,http_total_ms,2.284,ms
2026-10-06T13:00:51,baseline,none,3,http,18,http_size,896.0,bytes
2026-10-06T13:00:51,baseline,none,3,http,19,http_success,1,bool
2026-10-06T13:00:51,baseline,none,3,http,19,http_connect_ms,1.4829999999999999,ms
2026-10-06T13:00:51,baseline,none,3,http,19,http_total_ms,2.601,ms
2026-10-06T13:00:51,baseline,none,3,http,19,http_size,896.0,bytes
2026-10-06T13:00:51,baseline,none,3,http,20,http_success,1,bool
2026-10-06T13:00:51,baseline,none,3,http,20,http_connect_ms,1.2730000000000001,ms
2026-10-06T13:00:51,baseline,none,3,http,20,http_total_ms,2.173,ms
2026-10-06T13:00:51,baseline,none,3,http,20,http_size,896.0,bytes
