condition,location,rtt_ms_mean,rtt_ms_std,tcp_mbps_mean,tcp_mbps_std,tcp_retr_mean,udp_offered_mbps,udp_delivered_mbps,udp_loss_pct_mean,udp_jitter_ms_mean,http_ms_mean,http_ms_median,http_ms_p95,http_ms_max,http_success_pct
baseline,none,3.0706666666666664,0.11610483768273118,1056.591167729048,0.5431457960963572,1410.6666666666667,10.0,10.0,0.0,0.07558660704846333,1.8287166666666663,1.5775000000000001,2.2435500000000004,8.534999999999998,100.0
delay50ms,N3,53.685,0.08702298546935465,23.721776408585352,1.2732818886064194,360.0,10.0,10.0,0.0,0.07872600831797717,105.98046666666666,106.027,108.5774,109.467,100.0
delay50ms,N6,53.89066666666667,0.14612437624617203,130.38249447450252,44.37801735529246,381.6666666666667,10.0,10.0,0.0,0.05275662869692086,106.77161666666665,107.048,108.902,109.62,100.0
loss1pct,N3,2.6336666666666666,0.41005406147645124,235.24455081649432,7.147717751571169,2202.3333333333335,10.0,9.905474017439708,0.9452598256029231,0.05104394588840577,22.11888333333333,1.4885000000000002,2.8398999999999686,1016.369,100.0
loss1pct,N6,3.012333333333333,0.17312519554742284,685.1703766452694,28.486452090582127,5904.0,10.0,9.903316985666097,0.966830143339028,0.05089966763102704,18.360100000000003,1.477,1.8880499999999996,1012.818,100.0
baseline-udp30,none,2.329,0.2389728017997027,1056.4851798481066,0.621757919636605,1212.6666666666667,30.0,30.0,0.0,0.034304641911920064,1.58925,1.533,1.8840999999999999,2.2030000000000003,100.0
rate20mbit,N3,2.3946666666666667,0.6754445449726673,18.49080261432267,0.0006245724715386362,0.0,30.0,20.52056501144493,31.5981166285169,0.15280709043181387,2.3712499999999994,2.3265000000000002,2.84965,4.365,100.0
rate20mbit,N6,2.6473333333333335,0.1816984681645207,19.06294187581479,0.00210414277587028,0.0,30.0,21.062468550068292,29.791771499772363,0.16136165763648855,2.111883333333333,2.047,2.5745000000000005,2.948,100.0
recovery,none,2.7593333333333336,0.4542789157921962,1054.1079452464646,2.542488524734525,1097.6666666666667,10.0,10.0,0.0,0.05711198721615567,1.7041333333333333,1.5965,2.5453999999999994,2.8440000000000003,100.0
